<?xml version="1.0" encoding="UTF-8"?>
<databaseChangeLog
        xmlns:xsi="http://www.w3.org/2001/XMLSchema-instance"
        xmlns="http://www.liquibase.org/xml/ns/dbchangelog"
        xsi:schemaLocation="http://www.liquibase.org/xml/ns/dbchangelog
        http://www.liquibase.org/xml/ns/dbchangelog/dbchangelog-2.0.xsd">
    <include file="liquibase/4.0/changelog-1.0.sql"/>
    <include file="liquibase/4.0/changelog-2.0.sql"/>
    <include file="liquibase/4.0/changelog-3.0.sql"/>
    <include file="liquibase/4.0/changelog-4.0.sql"/>
    <include file="liquibase/4.0/changelog-5.0.sql"/>
    <include file="liquibase/4.0/changelog-6.0.sql"/>
    <include file="liquibase/4.0/changelog-7.0.sql"/>
    <include file="liquibase/4.0/changelog-8.0.sql"/>
    <include file="liquibase/4.0/changelog-9.0.sql"/>
</databaseChangeLog>